P. Name,P. Zone Class,P. Mass Class,P. Composition Class,P. Atmosphere Class,P. Density (EU),P. Gravity (EU),P. Esc Vel (EU),P. SFlux Min (EU),P. SFlux Mean (EU),P. SFlux Max (EU),P. Teq Max (K),P. Mag,P. Appar Size (deg),P. Eccentricity,P. Mean Distance (AU),P. Omega (deg),S. Mass (SU),S. Teff (K),S. [Fe/H],S. Age (Gyrs),S. Appar Mag,S. Distance (pc),S. RA (hrs),S. DEC (deg),S. Mag from Planet,S. Size from Planet (deg),S. No. Planets,S. No. Planets HZ,S. Hab Zone Max (AU),P. HZD,P. HZC,P. HZA,P. HZI,P. SPH,P. ESI,S. HabCat,P. Habitable,P. Hab Moon,P. Confirmed,P. Habitable Class
GJ 163 c,Warm,Superterran,rocky-iron,metals-rich,1.19,2.17,1.99,0.5515569,0.6630019,0.804139,241.3,-18.05,3.48,0.09,0.12,235.4,0.4,3840.0,-0.06027140851661208,3.0,11.8,15.0,4.1544,-53.3736,-26.3,0.9881,3,1,0.212,-0.34,-0.14,0.81,0.53,0.08,0.73,0,1,0,1,psychroplanet
GJ 667 C e,Warm,Terran,rocky-iron,metals-rich,0.99,1.39,1.39,0.290249,0.3020295,0.3144201,190.8,-16.59,2.65,0.02,0.21,28.6,0.33,3350.0,-0.55,2.0,10.2,6.8,17.3158,-34.9897,-25.4,0.8714,6,3,0.251,0.51,-0.16,0.23,0.63,0.0,0.6,0,1,0,0,psychroplanet
GJ 667 C f,Warm,Terran,rocky-iron,metals-rich,0.99,1.39,1.39,0.5306531,0.5632069000000001,0.5983137,224.1,-17.28,2.65,0.03,0.16,103.0,0.33,3350.0,-0.55,2.0,10.2,6.8,17.3158,-34.9897,-26.1,1.19,6,3,0.251,-0.22,-0.16,0.08,0.78,0.0,0.77,0,1,0,0,psychroplanet
GJ 682 c,Warm,Superterran,rocky-iron,hydrogen-rich,1.24,2.37,2.13,0.3020603,0.3673006,0.45118450000000004,208.8,-17.51,3.64,0.1,0.18,320.9,0.27,3028.0,-0.06027140851661208,4.184758828596038,13.4,5.08,17.6177,-43.6808,-25.6,1.1831,2,1,0.232,0.23,-0.14,1.19,0.45,0.0,0.59,0,1,0,0,psychroplanet
GJ 3293 d,Warm,Superterran,rocky-iron,metals-rich,1.2,2.22,2.03,0.44768679999999994,0.5656049,0.7251003,235.1,-17.91,3.52,0.12,0.19,322.0,0.42,3466.0,0.02,4.184758828596038,12.0,17.9,4.4767,-25.1692,-26.1,1.1179,4,2,0.309,-0.21,-0.14,0.91,0.52,0.0,0.7,0,1,0,1,psychroplanet
HD 40307 g,Warm,Superterran,rocky-iron,metals-rich,1.18,2.15,1.98,0.3895282,0.6771687,1.285592,271.3,-18.1,3.45,0.29,0.57,91.2,0.77,4977.0,-0.31,1.2,7.2,12.8,5.9011,-60.0233,-26.4,0.6042,6,1,0.917,-0.15,-0.14,0.77,0.56,0.04,0.74,1,1,0,0,psychroplanet
Kapteyn b,Warm,Terran,rocky-iron,metals-rich,1.09,1.79,1.71,0.2900587,0.4342851,0.6803408000000001,231.4,-17.37,3.11,0.21,0.16,80.4,0.28,3550.0,-0.86,8.0,8.8,3.91,5.1947,-45.0183,-25.8,0.9409,2,1,0.232,0.12,-0.15,0.57,0.63,0.0,0.67,0,1,0,0,psychroplanet
Kepler-62 f,Warm,Terran,rocky-iron,metals-rich,1.0,1.41,1.41,0.388223,0.388223,0.388223,201.1,-16.89,2.68,0.0,0.72,0.0,0.69,4869.0,-0.21,7.0,14.0,368.0,18.8808,45.3499,-25.7,0.4676,5,2,0.857,0.45,-0.16,0.19,0.66,0.0,0.67,0,1,0,1,psychroplanet
Kepler-150 f,Warm,Superterran,gas,metals-rich,0.19,0.68,1.57,0.4927213,0.4927213,0.4927214,213.4,-19.22,6.92,0.0,1.24,0.0,0.63,5560.0,-0.136,4.184758828596038,13.4,973.0,19.2156,40.5209,-26.0,0.404,5,1,1.569,0.28,2.88,0.35,0.26,0.0,0.53,0,0,0,1,psychroplanet
Kepler-174 d,Warm,Superterran,rocky-iron,hydrogen-rich,1.42,3.1,2.6,0.42675159999999995,0.42675159999999995,0.42675169999999996,205.9,-17.95,4.15,0.0,0.68,0.0,0.68,4880.0,-0.556,4.184758828596038,13.4,360.0,19.1626,43.8321,-25.8,0.488,3,1,0.846,0.32,-0.13,1.77,0.36,0.0,0.61,0,1,0,1,psychroplanet
Kepler-296 f,Warm,Superterran,rocky-iron,metals-rich,1.15,2.01,1.87,0.2687829,0.3395788,0.4353369000000001,206.9,-17.22,3.33,0.12,0.28,0.0,0.45,3572.0,-0.12,4.2,10.1,226.0,19.1027,49.4373,-25.6,0.8155,5,2,0.34700000000000003,0.4,-0.14,0.86,0.51,0.0,0.6,0,1,0,1,psychroplanet
Kepler-442 b,Warm,Terran,rocky-iron,metals-rich,0.97,1.3,1.32,0.6466799,0.6999820999999999,0.7589214,237.8,-17.42,2.55,0.04,0.41,0.0,0.61,4402.0,-0.37,2.9,7.7,342.0,19.0244,39.2801,-26.3,0.7685,1,1,0.6809999999999999,-0.34,-0.16,-0.06,0.73,0.04,0.84,0,1,0,1,psychroplanet
Kepler-1229 b,Warm,Terran,rocky-iron,metals-rich,0.99,1.39,1.4,0.4901548,0.4901549,0.4901549,213.2,-17.13,2.66,0.0,0.31,0.0,0.54,3784.0,-0.06027140851661208,3.72,15.5,236.0,19.8324,46.9967,-26.0,0.8699,1,1,0.456,-0.03,-0.16,0.12,0.83,0.0,0.73,0,1,0,1,psychroplanet
Kepler-1652 b,Warm,Terran,rocky-iron,metals-rich,0.9,1.01,1.06,0.6504719,0.650472,0.6504722,228.8,-16.95,2.13,0.0,0.16,0.0,0.36,3482.0,-0.1,4.184758828596038,13.4,252.0,19.6244,49.9151,-26.3,1.1835,1,1,0.27,-0.35,-0.17,-0.37,0.65,0.0,0.85,0,1,0,1,psychroplanet
LHS 1140 b,Warm,Terran,rocky-iron,hydrogen-rich,2.26,3.23,2.15,0.23418049999999999,0.4071072,0.7728854000000001,238.9,-17.03,2.72,0.29,0.08,0.0,0.15,3131.0,-0.24,5.0,14.2,12.47,0.7497,-15.2714,-25.8,1.1837,1,1,0.118,0.18,-0.82,1.17,0.41,0.0,0.68,0,1,0,1,psychroplanet
Proxima Cen b,Warm,Terran,rocky-iron,metals-rich,0.9,1.01,1.07,0.6562118,0.6562118,0.6562119000000001,229.3,-16.96,2.13,0.0,0.05,0.0,0.12,3050.0,-0.06027140851661208,4.184758828596038,11.1,1.29,14.4953,-62.6794,-26.3,1.5493,1,1,0.086,-0.39,-0.17,-0.37,0.64,0.0,0.85,0,1,0,1,psychroplanet
TRAPPIST-1 e,Warm,Terran,rocky-iron,metals-rich,0.82,0.76,0.83,0.6544079,0.654408,0.6544082,229.1,-16.52,1.74,0.0,0.03,0.0,0.08,2550.0,0.04,0.5,18.8,12.1,23.1081,-5.0414,-26.3,2.2135,7,4,0.051,-0.42,-0.15,-0.67,0.56,0.0,0.85,0,1,0,1,psychroplanet
TRAPPIST-1 f,Warm,Terran,rocky-water,metals-rich,0.59,0.61,0.8,0.3772893,0.3772893,0.3772893,199.7,-16.2,1.98,0.0,0.04,0.0,0.08,2550.0,0.04,0.5,18.8,12.1,23.1081,-5.0414,-25.7,1.6807,7,4,0.051,0.14,0.27,-0.64,0.59,0.0,0.68,0,1,0,1,psychroplanet
Kepler-62 e,Warm,Superterran,rocky-iron,metals-rich,1.08,1.74,1.68,1.097676,1.097676,1.097677,260.8,-18.32,3.07,0.0,0.43,0.0,0.69,4869.0,-0.21,7.0,14.0,368.0,18.8808,45.3499,-26.8,0.7863,5,2,0.857,-0.7,-0.15,0.28,0.56,0.96,0.83,0,1,0,1,mesoplanet
Kepler-452 b,Warm,Superterran,rocky-iron,metals-rich,1.09,1.77,1.7,1.109832,1.109832,1.109833,261.5,-18.35,3.1,0.0,1.05,0.0,1.04,5757.0,0.21,6.0,13.4,430.0,19.7336,44.2776,-26.8,0.5655,1,1,1.952,-0.61,-0.15,0.3,0.59,0.93,0.83,0,1,0,1,mesoplanet
Kepler-298 d,Warm,Superterran,rocky-iron,hydrogen-rich,1.72,4.3,3.28,1.289531,1.289531,1.289532,271.5,-19.45,4.75,0.0,0.3,0.0,0.65,4465.0,-0.121,4.184758828596038,13.4,474.0,18.8693,48.8254,-27.0,1.0134,3,1,0.6859999999999999,-0.86,-0.11,2.11,0.3,0.0,0.68,0,1,0,1,mesoplanet
Wolf 1061 c,Warm,Terran,rocky-iron,metals-rich,1.03,1.53,1.51,1.128213,1.398419,1.754743,293.2,-18.42,2.83,0.11,0.09,37.0,0.25,3305.0,-0.09,4.184758828596038,10.1,4.29,16.505,-12.6626,-27.1,1.9321,3,1,0.225,-0.96,-0.15,0.02,0.51,0.17,0.82,0,1,0,1,mesoplanet
Kepler-22 b,Warm,Superterran,rocky-iron,hydrogen-rich,1.57,3.68,2.94,1.1060290000000002,1.1060290000000002,1.1060290000000002,261.3,-19.15,4.47,0.0,0.85,0.0,0.97,5518.0,-0.29,9.9,12.0,190.0,19.2811,47.8844,-26.8,0.6145,1,1,1.615,-0.64,-0.12,1.79,0.34,0.53,0.71,0,1,0,1,mesoplanet
Kepler-443 b,Warm,Superterran,rocky-iron,hydrogen-rich,1.54,3.6,2.9,0.7188641,0.8910313,1.1180709999999998,262.0,-18.9,4.43,0.11,0.49,0.0,0.74,4723.0,-0.01,3.2,6.8,779.0,19.2407,49.9686,-26.6,0.7552,1,1,0.903,-0.53,-0.12,1.83,0.34,0.98,0.71,0,1,0,1,mesoplanet
GJ 180 b,Warm,Superterran,rocky-iron,metals-rich,1.22,2.32,2.09,0.9960187,1.234564,1.549138,284.2,-18.8,3.6,0.11,0.1,11.5,0.43,3371.0,-0.06027140851661208,4.184758828596038,10.9,11.69,4.8972,-17.7734,-27.0,1.745,2,2,0.244,-0.87,-0.14,0.74,0.46,0.41,0.75,0,1,0,0,mesoplanet
Kepler-705 b,Warm,Superterran,rocky-iron,hydrogen-rich,1.36,2.86,2.46,0.832599,0.8325992,0.8325992,243.4,-18.6,4.0,0.0,0.23,0.0,0.53,3722.0,-0.06027140851661208,3.89,15.8,251.0,19.3006,41.8121,-26.5,1.1719,1,1,0.443,-0.56,-0.13,1.31,0.41,0.79,0.74,0,1,0,1,mesoplanet
HD 283869 b,Warm,Superterran,rocky-iron,metals-rich,1.26,2.47,2.2,1.146929,1.146929,1.146929,263.7,-18.79,3.72,0.0,0.4,0.0,0.74,4655.0,0.15,4.184758828596038,13.4,47.51,4.795,26.15,-26.9,0.8793,1,1,0.836,-0.76,-0.14,0.89,0.46,0.65,0.77,0,1,0,0,mesoplanet
Kepler-438 b,Warm,Terran,rocky-iron,metals-rich,0.9,1.01,1.06,1.298292,1.3779370000000002,1.46383,280.2,-17.77,2.13,0.03,0.17,0.0,0.54,3748.0,0.16,4.4,9.6,145.0,18.7764,41.9511,-27.1,1.4871,1,1,0.407,-0.94,-0.17,-0.49,0.48,0.5,0.88,0,1,0,1,mesoplanet
TRAPPIST-1 d,Warm,Subterran,rocky-iron,metals-rich,0.9,0.69,0.73,1.129725,1.129725,1.129725,262.7,-16.74,1.47,0.0,0.02,0.0,0.08,2550.0,0.04,0.5,18.8,12.1,23.1081,-5.0414,-26.9,2.9085,7,4,0.051,-0.84,-0.29,-0.86,0.45,0.9,0.9,0,1,0,1,mesoplanet
Kepler-296 e,Warm,Terran,rocky-iron,metals-rich,1.03,1.52,1.5,1.005184,1.2222879999999998,1.501434,282.0,-18.25,2.81,0.1,0.15,0.0,0.45,3572.0,-0.12,4.2,10.1,226.0,19.1027,49.4373,-27.0,1.5455,5,2,0.34700000000000003,-0.86,-0.16,0.04,0.53,0.75,0.85,0,1,0,1,mesoplanet
GJ 273 b,Warm,Terran,rocky-iron,metals-rich,1.0,1.43,1.43,1.003524,1.220269,1.4989540000000001,281.9,-18.17,2.7,0.1,0.09,0.0,0.29,3382.0,0.09,4.184758828596038,9.9,3.8,7.4568,5.2258,-27.0,1.7227,2,1,0.215,-0.86,-0.16,-0.05,0.53,0.79,0.86,0,1,0,1,mesoplanet
GJ 180 c,Warm,Superterran,rocky-iron,metals-rich,1.16,2.04,1.9,0.6584886,0.785473,0.9446747999999999,251.2,-18.16,3.36,0.09,0.13,234.9,0.43,3371.0,-0.06027140851661208,4.184758828596038,10.9,11.69,4.8972,-17.7734,-26.5,1.3905,2,2,0.244,-0.53,-0.14,0.64,0.54,0.42,0.77,0,1,0,0,mesoplanet
tau Cet e,Warm,Terran,rocky-iron,metals-rich,1.07,1.7,1.64,1.369828,1.512054,1.673311,289.8,-18.64,3.02,0.05,0.55,313.5,0.78,5344.0,-0.55,5.8,3.5,3.65,1.7344,-15.9375,-27.2,0.7665,7,1,1.246,-0.92,-0.15,0.16,0.51,0.0,0.78,0,1,0,0,mesoplanet
GJ 3323 b,Warm,Terran,rocky-iron,metals-rich,0.95,1.23,1.25,0.776563,1.207001,1.981179,302.3,-17.95,2.44,0.23,0.03,0.0,0.16,3159.0,-0.27,4.184758828596038,12.2,5.32,5.0326,-6.9461,-27.0,1.9856,2,1,0.077,-0.84,-0.16,-0.25,0.53,0.97,0.89,0,1,0,1,mesoplanet
Kepler-440 b,Warm,Superterran,rocky-iron,metals-rich,1.2,2.24,2.04,0.7514458,1.43441,3.096766,338.0,-18.99,3.54,0.34,0.23,0.0,0.57,4134.0,-0.3,1.3,8.3,261.0,19.0233,41.4522,-27.2,1.2857,1,1,0.5710000000000001,-0.89,-0.14,0.62,0.48,0.16,0.75,0,1,0,1,mesoplanet
GJ 832 c,Warm,Superterran,rocky-iron,metals-rich,1.12,1.89,1.79,0.9315085999999999,0.9886534,1.0502799999999999,257.9,-18.31,3.21,0.03,0.16,80.0,0.45,3472.0,-0.31,4.184758828596038,8.7,4.94,21.5594,-49.0089,-26.7,1.4679,2,1,0.342,-0.71,-0.15,0.44,0.54,0.98,0.81,1,1,0,1,mesoplanet
HAT-P-23 b,Hot,Jovian,gas,hydrogen-rich,0.18,2.83,6.59,2793.092,3435.638,4274.434,2060.0,-32.02,29.44,0.11,0.02,118.0,1.13,5924.0,0.16,4.0,11.9,393.0,20.4083,16.7622,-35.6,30.1464,1,0,2.3680000000000003,-2.45,11.26,1.15,0.08,0.0,0.06,0,0,0,1,non-habitable
Kepler-650 b,Hot,Neptunian,gas,no-atmosphere,0.19,0.58,1.3,1082.054,1082.054,1082.054,1461.2,-27.16,5.62,0.0,0.04,0.0,1.08,5849.0,-0.06027140851661208,6.46,13.7,805.0,19.2667,45.1543,-34.4,17.1712,1,0,2.431,-2.42,2.52,-1.07,0.21,0.0,0.21,0,0,0,1,non-habitable
Kepler-1015 b,Hot,Neptunian,gas,metals-rich,0.2,0.7,1.58,306.3347,306.3347,306.3348,1065.8,-26.18,6.75,0.0,0.14,0.0,1.49,6769.0,-0.06027140851661208,1.58,12.8,932.0,19.5172,43.4269,-33.0,6.8001,1,0,4.067,-2.4,2.75,-0.79,0.21,0.0,0.19,0,0,0,1,non-habitable
HD 74156 c,Cold,Jovian,gas,hydrogen-rich,1.61,18.74,14.77,0.1091379,0.225873,0.5479296,219.2,-20.99,22.28,0.38,3.53,268.9,1.24,5960.0,0.13,3.7,7.6,64.56,8.7069,4.5781,-25.2,0.2477,2,0,3.037,1.98,10.44,19.61,0.04,0.0,0.24,0,0,0,1,non-habitable
HD 132563 B b,Cold,Jovian,gas,hydrogen-rich,0.36,3.98,6.59,0.101869,0.1554019,0.2491688,180.0,-20.38,20.84,0.22,2.56,158.0,1.01,5985.0,-0.19,5.0,9.5,96.0,14.9725,44.0433,-24.7,0.1989,1,0,1.7719999999999998,2.7,7.01,8.31,0.08,0.0,0.25,0,0,0,1,non-habitable
Kepler-823 b,Hot,Superterran,rocky-iron,metals-rich,1.06,1.66,1.62,330.9175,330.9175,330.9176,1086.6,-24.48,2.98,0.0,0.05,0.0,0.98,5643.0,-0.06027140851661208,4.47,14.8,896.0,18.9722,39.2202,-33.1,10.1771,1,0,1.638,-2.36,-0.15,-0.78,0.29,0.0,0.28,0,0,0,1,non-habitable
Kepler-1011 b,Hot,Neptunian,gas,metals-rich,0.19,0.56,1.26,161.3027,161.3027,161.3027,907.9,-25.02,5.45,0.0,0.06,0.0,0.91,5416.0,-0.06027140851661208,4.47,15.2,860.0,19.8268,46.824,-32.3,7.7091,1,0,1.411,-2.3,2.5,-0.92,0.22,0.0,0.22,0,0,0,1,non-habitable
HR 2562 b,Cold,Jovian,gas,hydrogen-rich,8.73,89.9,30.43,0.007886088,0.007886088,0.007886089,75.9,-16.98,19.67,0.0,20.3,0.0,1.3,7300.0,0.015,0.6,6.1,33.63,6.8336,-60.2491,-21.4,0.0298,1,0,2.881,22.36,19.03,65.79,0.01,0.0,0.05,0,0,0,1,non-habitable
HD 109271 b,Hot,Neptunian,gas,metals-rich,0.2,0.88,1.97,206.9173,333.8445,574.6543,1247.4,-26.79,8.4,0.25,0.08,296.0,1.05,5783.0,0.1,7.3,8.1,62.0,12.56,-11.6219,-33.1,9.925,2,0,2.51,-2.37,3.14,-0.58,0.2,0.0,0.23,1,0,0,1,non-habitable
Kepler-36 c,Hot,Superterran,gas,metals-rich,0.16,0.6,1.48,181.9955,181.9956,181.9956,935.8,-25.69,6.99,0.0,0.13,0.0,1.11,5900.0,-0.06027140851661208,6.922999999999999,12.0,424.0,19.4167,49.2319,-32.4,6.8993,2,0,3.028,-2.34,3.13,-0.79,0.2,0.0,0.19,0,0,0,1,non-habitable
Kepler-1035 b,Hot,Terran,rocky-iron,no-atmosphere,0.92,1.07,1.11,651.1708,651.1708,651.1709,1287.0,-24.57,2.21,0.0,0.04,0.0,0.98,5763.0,-0.06027140851661208,4.47,13.0,408.0,19.2695,42.8825,-33.8,13.7025,1,0,1.7080000000000002,-2.4,-0.17,-1.13,0.27,0.0,0.29,0,0,0,1,non-habitable
HD 98649 b,Cold,Jovian,gas,hydrogen-rich,1.36,15.86,13.61,0.008092665,0.05168375,1.230415,268.3,-20.02,22.33,0.85,2.95,0.0,0.96,5940.0,-0.06027140851661208,4.184758828596038,8.0,40.3,11.3478,-23.2172,-24.2,0.1598,1,0,1.625,11.03,9.89,20.26,0.04,0.0,0.12,1,0,0,1,non-habitable
LP 358-499 c,Hot,Terran,rocky-iron,metals-rich,0.98,1.45,1.47,18.75731,18.75731,18.75731,530.2,-21.22,2.81,0.0,0.04,0.0,0.52,3644.0,-0.06027140851661208,4.184758828596038,13.4,424.0,4.6767,25.01,-29.9,5.8053,3,0,0.41,-1.91,-0.12,-0.5,0.34,0.0,0.35,0,0,0,1,non-habitable
Kepler-900 b,Hot,Superterran,rocky-iron,metals-rich,1.34,2.8,2.41,60.30046,60.30046,60.30047,709.9,-23.25,3.96,0.0,0.07,0.0,0.78,4836.0,-0.06027140851661208,4.57,14.9,505.0,19.7452,46.999,-31.2,5.9101,1,0,0.982,-2.17,-0.13,0.02,0.32,0.0,0.27,0,0,0,1,non-habitable
Kepler-1197 b,Hot,Terran,rocky-iron,metals-rich,0.94,1.18,1.22,273.6294,273.6294,273.6295,1036.2,-23.79,2.38,0.0,0.03,0.0,0.78,4708.0,-0.06027140851661208,2.69,15.1,505.0,19.4446,42.5907,-32.9,13.3076,1,0,0.928,-2.28,-0.16,-1.0,0.29,0.0,0.29,0,0,0,1,non-habitable
HIP 65891 b,Hot,Jovian,gas,hydrogen-rich,1.2,13.98,12.78,4.435613,5.711648,7.482067,421.4,-24.45,22.34,0.13,2.79,355.5,2.5,5000.0,0.16,4.184758828596038,6.8,136.0,13.5069,-58.6644,-28.6,1.7081,1,0,12.664,-1.65,9.51,10.7,0.06,0.0,0.22,0,0,0,1,non-habitable
XO-4 b,Hot,Jovian,gas,hydrogen-rich,0.16,2.36,5.9,756.3091,756.3091,756.3093,1336.0,-30.28,28.32,0.0,0.05,0.0,1.32,5700.0,-0.04,2.1,10.7,293.0,7.3592,58.2681,-34.0,15.1033,1,0,2.685,-2.4,10.62,1.39,0.08,0.0,0.06,0,0,0,1,non-habitable
Kepler-83 c,Hot,Superterran,rocky-iron,metals-rich,1.25,2.43,2.17,4.93593,4.935931,4.935932,379.7,-20.36,3.69,0.0,0.13,0.0,0.66,4164.0,-0.2,4.184758828596038,16.5,424.0,18.8155,43.6656,-28.5,2.2798,3,0,0.568,-1.59,-0.14,0.42,0.38,0.0,0.48,0,0,0,1,non-habitable
